,Date,Unix,Ticker,DE Ratio,Price,stock_p_change,SP500,sp500_p_change,Difference,Status
0,2004-01-30 19:01:02,1075518062.0,a,0.407,36.65,0.0,1131.130005,0.0,0.0,underperformed
1,2004-04-13 04:07:11,1081854431.0,a,0.375,31.87,-13.042291950886762,1129.439941,-0.14941377140816745,-12.892878179478595,underperformed
2,2004-12-13 21:37:34,1103002654.0,a,0.323,23.84,-34.95225102319236,1198.680054,5.971908507545951,-40.92415953073831,underperformed
3,2005-01-22 05:17:19,1106399839.0,a,0.322,21.8,-40.518417462482944,1184.630005,4.729783469938099,-45.24820093242104,underperformed
4,2006-01-09 02:35:16,1136802916.0,a,0.0,34.65,-5.457025920873124,1290.150024,14.058509481410145,-19.51553540228327,underperformed
5,2006-06-21 11:01:16,1150912876.0,a,0.368,32.18,-12.19645293315143,1252.199951,10.703451014899041,-22.899903948050472,underperformed
6,2006-08-19 10:42:01,1156009321.0,a,0.396,31.8,-13.23328785811732,1295.430054,14.525301978882608,-27.758589836999928,underperformed
7,2007-02-20 17:46:56,1172022416.0,a,0.411,32.48,-11.377899045020468,1459.680054,29.046179267430887,-40.42407831245136,underperformed
8,2007-04-12 05:07:51,1176379671.0,a,0.411,34.62,-5.538881309686224,1447.800049,27.995901673565804,-33.53478298325203,underperformed
9,2008-01-23 19:28:50,1201145330.0,a,0.645,32.16,-12.251023192360169,1338.599976,18.3418325111091,-30.59285570346927,underperformed
10,2008-02-14 04:44:34,1202993074.0,a,0.645,32.68,-10.832196452933148,1348.859985,19.248890846989784,-30.081087299922935,underperformed
11,2008-04-26 04:49:23,1209210563.0,a,0.67,31.53,-13.969986357435191,1379.930054,21.995707646354933,-35.96569400379013,underperformed
12,2008-12-06 19:21:33,1228620093.0,a,0.83,17.26,-52.905866302864936,870.73999,-23.020343713718386,-29.88552258914655,underperformed
13,2011-08-02 06:45:37,1312292737.0,a,54.36,17.26,-52.905866302864936,1254.050049,10.867012938976892,-63.77287924184183,underperformed
14,2011-11-08 05:04:16,1320757456.0,a,51.62,17.26,-52.905866302864936,1275.920044,12.80047725371762,-65.70634355658255,underperformed
15,2013-05-14 00:28:58,1368516538.0,a,44.12,17.26,-52.905866302864936,1650.339966,45.90188207411225,-98.80774837697719,underperformed
16,2013-09-06 06:09:52,1378472992.0,a,56.39,17.26,-52.905866302864936,1655.170044,46.32889558968069,-99.23476189254563,underperformed
17,2004-04-13 04:20:10,1081855210.0,aa,0.595,34.26,0.0,1129.439941,0.0,0.0,underperformed
18,2004-09-09 16:15:45,1094771745.0,aa,0.561,32.89,-3.9988324576765835,1118.380005,-0.9792407368033841,-3.0195917208731995,underperformed
19,2004-11-24 10:37:20,1101321440.0,aa,0.53,33.58,-1.9848219497956794,1181.76001,4.6323905416056,-6.61721249140128,underperformed
20,2004-12-05 00:36:42,1102235802.0,aa,0.53,32.86,-4.086398131932278,1190.329956,5.391168913867899,-9.477567045800178,underperformed
21,2005-01-13 07:18:32,1105629512.0,aa,0.457,29.43,-14.098073555166371,1177.449951,4.250780254635953,-18.348853809802325,underperformed
22,2005-02-07 03:48:37,1107776917.0,aa,0.457,29.37,-14.27320490367775,1201.719971,6.399634666364247,-20.672839570041997,underperformed
23,2005-05-22 08:48:23,1116776903.0,aa,0.543,27.45,-19.87740805604203,1191.079956,5.457573507222014,-25.334981563264044,underperformed
24,2006-06-20 04:32:21,1150803141.0,aa,0.526,29.1,-15.061295971978975,1240.119995,9.799551971041895,-24.86084794302087,underperformed
25,2007-01-25 19:09:37,1169780977.0,aa,0.494,31.46,-8.172796263864557,1423.900024,26.07133609417837,-34.244132358042926,underperformed
26,2007-02-23 09:03:42,1172250222.0,aa,0.494,34.75,1.4302393461763048,1451.189941,28.48757054891509,-27.057331202738787,underperformed
27,2007-05-16 21:12:47,1179375167.0,aa,0.494,39.04,13.952130764740225,1514.140015,34.06113596969029,-20.109005204950066,underperformed
28,2007-06-22 06:39:12,1182519552.0,aa,0.503,40.34,17.746643315820215,1502.560059,33.03585294403891,-15.289209628218693,underperformed
29,2007-10-11 20:57:59,1192161479.0,aa,0.47,38.08,11.150029188558088,1554.410034,37.626621617766915,-26.47659242920883,underperformed
30,2008-01-23 16:05:53,1201133153.0,aa,0.499,28.04,-18.155283129013426,1338.599976,18.518916093476445,-36.674199222489875,underperformed
31,2008-10-28 00:52:22,1225180342.0,aa,0.672,9.04,-73.61354349095154,940.51001,-16.727753653967874,-56.88578983698367,underperformed
32,2008-12-05 01:03:15,1228467795.0,aa,0.672,8.06,-76.47402218330413,876.070007,-22.433236580571755,-54.04078560273237,underperformed
33,2008-12-06 09:33:46,1228584826.0,aa,0.672,8.15,-76.21132516053707,870.73999,-22.905153395845776,-53.3061717646913,underperformed
34,2008-12-18 10:54:07,1229626447.0,aa,0.672,10.35,-69.78984238178634,885.2800289999999,-21.617786226315168,-48.172056155471175,underperformed
35,2011-09-03 09:21:23,1315066883.0,aa,48.26,10.35,-69.78984238178634,1218.890015,7.919861052620579,-77.70970343440692,underperformed
36,2011-11-02 22:04:47,1320296687.0,aa,50.93,10.35,-69.78984238178634,1237.900024,9.602996942357994,-79.39283932414433,underperformed
37,2011-11-05 21:29:24,1320553764.0,aa,50.93,10.35,-69.78984238178634,1237.900024,9.602996942357994,-79.39283932414433,underperformed
38,2012-01-02 19:42:06,1325562126.0,aa,50.93,10.35,-69.78984238178634,1257.599976,11.347220011232087,-81.13706239301843,underperformed
39,2012-03-09 07:34:06,1331307246.0,aa,54.5,10.35,-69.78984238178634,1370.869995,21.37608607910918,-91.16592846089551,underperformed
40,2012-03-19 02:24:48,1332149088.0,aa,54.5,10.35,-69.78984238178634,1409.75,24.81850064128376,-94.6083430230701,underperformed
41,2012-05-19 11:51:52,1337453512.0,aa,55.28,10.35,-69.78984238178634,1324.800049,17.297078039141155,-87.0869204209275,underperformed
42,2012-07-29 16:51:57,1343605917.0,aa,56.42,10.35,-69.78984238178634,1360.02002,20.415435175406095,-90.20527755719243,underperformed
43,2012-11-27 11:38:14,1354045094.0,aa,56.51,10.35,-69.78984238178634,1398.939941,23.86138387857845,-93.6512262603648,underperformed
44,2013-01-22 17:52:37,1358905957.0,aa,53.49,10.35,-69.78984238178634,1492.560059,32.15045836598405,-101.9403007477704,underperformed
45,2013-04-23 20:02:57,1366772577.0,aa,53.21,10.35,-69.78984238178634,1578.780029,39.78432776178932,-109.57417014357566,underperformed
46,2013-04-26 20:55:15,1367034915.0,aa,53.21,10.35,-69.78984238178634,1582.23999,40.090670832757446,-109.88051321454378,underperformed
47,2013-09-01 04:25:11,1378034711.0,aa,52.71,10.35,-69.78984238178634,1638.170044,45.04268748894899,-114.83252987073533,underperformed
48,2003-12-07 10:36:10,1070822170.0,aapl,0.072,20.85,0.0,1069.719971,0.0,0.0,underperformed
49,2004-02-03 07:33:34,1075822414.0,aapl,0.07,22.32,7.05035971223021,1136.030029,6.198823972409507,0.8515357398207035,outperformed market
50,2004-06-03 01:20:38,1086250838.0,aapl,0.0,28.92,38.705035971223026,1116.640015,4.3861987503269635,34.318837220896064,outperformed market
51,2004-08-10 02:02:44,1092128564.0,aapl,0.0,30.3,45.32374100719424,1079.040039,0.8712624100387102,44.45247859715553,outperformed market
52,2004-10-12 05:40:57,1097584857.0,aapl,0.0,38.59,85.08393285371703,1121.839966,4.8723026972448675,80.21163015647217,outperformed market
53,2004-12-04 14:16:51,1102198611.0,aapl,0.0,62.68,200.62350119904076,1191.369995,11.372137316112614,189.25136388292816,outperformed market
54,2005-01-26 15:16:47,1106781407.0,aapl,0.0,71.94,245.03597122302153,1174.069946,9.754887057259594,235.28108416576194,outperformed market
55,2005-02-04 03:07:08,1107515228.0,aapl,0.0,77.81,273.18944844124695,1203.030029,12.46214538514959,260.72730305609736,outperformed market
56,2005-03-01 10:36:03,1109702163.0,aapl,0.0,44.86,115.15587529976017,1210.410034,13.152046032054496,102.00382926770567,outperformed market
57,2005-12-17 11:55:53,1134849353.0,aapl,0.0,71.11,241.05515587529976,1272.73999,18.978800480859682,222.07635539444007,outperformed market
58,2006-01-25 09:43:52,1138211032.0,aapl,0.0,76.04,264.70023980815347,1264.680054,18.22533824602214,246.47490156213132,outperformed market
59,2006-02-03 13:49:59,1139003399.0,aapl,0.0,72.1,245.80335731414863,1264.030029,18.164572343017426,227.6387849711312,outperformed market
60,2006-02-07 09:17:30,1139332650.0,aapl,0.0,67.3,222.78177458033568,1254.780029,17.299860058422713,205.48191452191296,outperformed market
61,2006-02-17 15:01:01,1140217261.0,aapl,0.0,70.21,236.73860911270975,1287.23999,20.33429541346761,216.40431369924215,outperformed market
62,2013-08-11 02:30:32,1376213432.0,aapl,13.75,70.21,236.73860911270975,1697.47998,58.6845180064419,178.05409110626786,outperformed market
63,2013-06-19 09:57:38,1371661058.0,abbv,512.61,70.21,0.0,1628.930054,0.0,0.0,underperformed
64,2003-10-26 16:06:32,1067213192.0,abc,0.592,57.01,0.0,1033.77002,0.0,0.0,underperformed
65,2004-01-28 07:37:34,1075304254.0,abc,0.429,56.36,-1.14015085072794,1128.47998,9.161608304330604,-10.301759155058544,underperformed
66,2004-05-16 19:24:15,1084760655.0,abc,0.412,58.97,3.4379933345027203,1096.439941,6.062269149573535,-2.6242758150708143,underperformed
67,2004-10-20 01:31:26,1098261086.0,abc,0.331,52.1,-8.612524118575683,1103.660034,6.760692673211792,-15.373216791787474,underperformed
68,2005-01-08 07:45:42,1105199142.0,abc,0.332,57.9,1.5611296263813377,1183.73999,14.507092206059536,-12.945962579678199,underperformed
69,2005-03-30 19:52:42,1112241162.0,abc,0.291,55.44,-2.753902824065954,1181.410034,14.281707840589156,-17.03561066465511,underperformed
70,2005-05-26 01:50:44,1117097444.0,abc,0.23,65.93,15.646377828451167,1197.619995,15.849751088738294,-0.20337326028712788,underperformed
71,2005-12-04 08:46:13,1133714773.0,abc,0.223,79.46,39.379056305911234,1264.670044,22.335724535714437,17.043331770196797,outperformed market
72,2007-02-20 06:12:02,1171980722.0,abc,0.308,54.9,-3.701105069286089,1459.680054,41.19968907591265,-44.90079414519874,underperformed
73,2007-04-05 16:11:07,1175814667.0,abc,0.308,53.94,-5.385020171899668,1443.76001,39.659690459972914,-45.04471063187258,underperformed
74,2008-01-23 20:34:05,1201149245.0,abc,0.396,45.55,-20.101736537449572,1338.599976,29.487211865555945,-49.58894840300552,underperformed
75,2011-07-08 00:04:15,1310108655.0,abc,42.86,45.55,-20.101736537449572,1343.800049,29.99023216014719,-50.09196869759676,underperformed
76,2012-02-28 18:01:38,1330480898.0,abc,66.41,45.55,-20.101736537449572,1372.180054,32.73552409654906,-52.837260633998625,underperformed
77,2013-04-25 01:02:00,1366876920.0,abc,59.73,45.55,-20.101736537449572,1585.160034,53.33778338822401,-73.43951992567358,underperformed
78,2004-09-20 13:31:02,1095712262.0,abt,0.543,42.92,0.0,1122.199951,0.0,0.0,underperformed
79,2004-10-23 22:48:08,1098596888.0,abt,0.543,40.86,-4.7996272134203215,1103.660034,-1.6521045989601955,-3.147522614460126,underperformed
80,2005-01-25 12:44:11,1106685851.0,abt,0.508,45.93,7.013047530288905,1168.410034,4.117811888943839,2.8952356413450655,outperformed market
81,2005-02-28 19:21:54,1109647314.0,abt,0.508,45.61,6.267474370922642,1203.599976,7.253611526846333,-0.9861371559236911,underperformed
82,2006-06-17 18:01:01,1150592461.0,abt,0.436,42.78,-0.3261882572227413,1230.040039,9.609703502829676,-9.935891760052417,underperformed
83,2006-07-18 12:32:14,1153251134.0,abt,0.436,44.48,3.63466915191052,1236.859985,10.217433524019107,-6.582764372108587,underperformed
84,2007-01-13 21:19:42,1168751982.0,abt,0.604,50.45,17.544268406337373,1414.849976,26.078242539506213,-8.53397413316884,underperformed
85,2007-03-23 02:47:40,1174643260.0,abt,0.883,54.5,26.980428704566627,1436.109985,27.972736384480555,-0.9923076799139281,underperformed
86,2007-04-10 20:13:09,1176261189.0,abt,0.883,57.11,33.06150978564771,1448.390015,29.06701820021732,3.9944915854303886,outperformed market
87,2007-06-03 02:36:35,1180863395.0,abt,0.871,56.3,31.174277726001854,1530.619995,36.394587580943494,-5.22030985494164,underperformed
88,2008-01-23 23:41:45,1201160505.0,abt,0.784,57.97,35.06523765144454,1338.599976,19.283553239078685,15.781684412365856,outperformed market
89,2008-04-28 03:46:55,1209379615.0,abt,0.687,51.28,19.478098788443614,1396.369995,24.43147887822354,-4.953380089779927,underperformed
90,2008-10-23 21:57:42,1224824262.0,abt,0.732,55.02,28.191985088536814,908.1099849999999,-19.077702312250423,47.269687400787234,outperformed market
91,2008-12-25 05:30:56,1230211856.0,abt,0.546,52.65,22.67008387698042,871.6300050000001,-22.32845811272005,44.99854198970047,outperformed market
92,2011-08-05 04:11:33,1312542693.0,abt,76.17,52.65,22.67008387698042,1199.380005,6.877567044199588,15.792516832780834,outperformed market
93,2011-09-02 09:24:27,1314980667.0,abt,68.83,52.65,22.67008387698042,1173.969971,4.613261652156313,18.05682222482411,outperformed market
94,2011-11-02 06:21:21,1320240081.0,abt,68.83,52.65,22.67008387698042,1237.900024,10.310112105859464,12.359971771120957,outperformed market
95,2012-01-01 23:13:40,1325488420.0,abt,67.73,52.65,22.67008387698042,1263.02002,12.548572014685453,10.121511862294968,outperformed market
96,2012-03-02 20:56:30,1330750590.0,abt,62.85,52.65,22.67008387698042,1369.630005,22.04866020351483,0.6214236734655891,outperformed market
97,2012-03-30 05:44:15,1333111455.0,abt,62.85,52.65,22.67008387698042,1408.469971,25.509715959700653,-2.8396320827202324,underperformed
98,2013-05-08 18:10:02,1368061802.0,abt,76.36,52.65,22.67008387698042,1632.689941,45.49010981020797,-22.820025933227548,underperformed
99,2013-08-18 07:12:45,1376835165.0,abt,35.38,52.65,22.67008387698042,1661.319946,48.04134900554812,-25.3712651285677,underperformed
100,2004-08-16 22:53:27,1092722007.0,ace,0.26,39.1,0.0,1079.339966,0.0,0.0,underperformed
101,2004-10-10 11:27:42,1097432862.0,ace,0.26,41.04,4.961636828644496,1130.650024,4.753836568301412,0.20780026034308374,outperformed market
102,2005-01-13 13:27:29,1105651649.0,ace,0.21,42.76,9.360613810741679,1177.449951,9.089813042279216,0.2708007684624629,outperformed market
103,2007-02-20 18:32:05,1172025125.0,ace,0.171,58.6,49.87212276214834,1459.680054,35.238210386068474,14.633912376079863,outperformed market
104,2007-04-05 15:54:06,1175813646.0,ace,0.171,57.24,46.39386189258312,1443.76001,33.76323081508129,12.630631077501825,outperformed market
105,2008-01-23 21:48:58,1201153738.0,ace,0.154,59.98,53.40153452685421,1338.599976,24.020236270950793,29.38129825590342,outperformed market
106,2010-12-07 07:29:30,1291735770.0,ace,23.09,59.98,53.40153452685421,1223.75,13.379476212224315,40.0220583146299,outperformed market
107,2011-08-11 20:49:00,1313120940.0,ace,27.7,59.98,53.40153452685421,1172.640015,8.644176250210302,44.75735827664391,outperformed market
108,2013-04-23 04:24:03,1366716243.0,ace,24.94,59.98,53.40153452685421,1578.780029,46.272729513659094,7.1288050131951195,outperformed market
109,2013-05-16 15:08:57,1368742137.0,ace,27.94,59.98,53.40153452685421,1650.469971,52.9147463256262,0.48678820122801625,outperformed market
110,2003-12-15 23:12:24,1071558744.0,aci,1.074,30.78,0.0,1068.040039,0.0,0.0,underperformed
111,2005-01-24 04:33:07,1106569987.0,aci,1.18,34.52,12.150747238466543,1163.75,8.961270879845735,3.1894763586208086,outperformed market
112,2005-02-05 03:36:51,1107603411.0,aci,1.18,38.4,24.75633528265106,1193.189941,11.717716324303467,13.038618958347595,outperformed market
113,2005-03-30 06:50:28,1112194228.0,aci,0.936,41.15,33.69070825211175,1181.410034,10.614770126609459,23.07593812550229,outperformed market
114,2006-05-24 04:17:01,1148469421.0,aci,0.854,46.39,50.71474983755685,1258.569946,17.83921014594099,32.87553969161586,outperformed market
115,2007-03-11 21:41:07,1173674467.0,aci,0.86,30.08,-2.274204028590003,1401.890015,31.258189188542207,-33.53239321713221,underperformed
116,2007-04-07 18:52:27,1175997147.0,aci,0.86,33.93,10.233918128654967,1439.369995,34.767419051787066,-24.5335009231321,underperformed
117,2008-03-02 17:50:27,1204509027.0,aci,0.851,51.09,65.98440545808968,1367.680054,28.055129401380054,37.929276056709625,outperformed market
118,2008-06-05 02:23:56,1212657836.0,aci,0.899,67.52,119.3632228719948,1404.050049,31.460431981052352,87.90279089094244,outperformed market
119,2008-10-08 20:51:28,1223524288.0,aci,0.772,25.11,-18.421052631578952,984.9400019999999,-7.780610648062048,-10.640441983516904,underperformed
120,2008-12-05 05:35:57,1228484157.0,aci,0.767,11.93,-61.241065627030544,876.070007,-17.97404825569465,-43.267017371335896,underperformed
121,2011-08-18 01:16:41,1313655401.0,aci,118.77,11.93,-61.241065627030544,1140.650024,6.798432862871357,-68.0394984899019,underperformed
122,2012-07-26 21:31:10,1343363470.0,aci,113.56,11.93,-61.241065627030544,1360.02002,27.33792464123154,-88.57899026826209,underperformed
123,2012-11-04 10:32:06,1352053926.0,aci,144.73,11.93,-61.241065627030544,1427.589966,33.66446143130034,-94.90552705833088,underperformed
124,2013-04-23 05:25:15,1366719915.0,aci,179.32,11.93,-61.241065627030544,1578.780029,47.82030367309105,-109.06136930012158,underperformed
125,2013-04-25 06:05:53,1366895153.0,aci,179.32,11.93,-61.241065627030544,1585.160034,48.417660023698794,-109.65872565072934,underperformed
126,2003-11-08 10:24:47,1068315887.0,acn,0.076,25.05,0.0,1051.810059,0.0,0.0,underperformed
127,2004-12-10 06:26:24,1102688784.0,acn,0.023,26.2,4.590818363273447,1188.0,12.948149700097144,-8.357331336823696,underperformed
128,2005-02-10 03:10:56,1108033856.0,acn,0.023,25.51,1.8363273453093847,1197.01001,13.804769193598295,-11.96844184828891,underperformed
129,2005-04-04 05:07:40,1112616460.0,acn,0.023,24.44,-2.43512974051896,1176.119995,11.818667727725174,-14.253797468244134,underperformed
130,2005-09-04 02:06:58,1125824818.0,acn,0.04,25.31,1.037924151696599,1221.589966,16.14168884840453,-15.103764696707932,underperformed
131,2006-06-03 23:44:14,1149403454.0,acn,0.045,27.89,11.337325349301395,1270.089966,20.752787552490986,-9.415462203189591,underperformed
132,2006-08-22 00:50:41,1156233041.0,acn,0.034,28.57,14.051896207584827,1298.819946,23.48426741942769,-9.432371211842865,underperformed
133,2006-08-22 06:44:05,1156254245.0,acn,0.034,28.57,14.051896207584827,1298.819946,23.48426741942769,-9.432371211842865,underperformed
134,2006-08-27 03:22:58,1156674178.0,acn,0.034,28.36,13.21357285429141,1296.060059,23.221873370579736,-10.008300516288326,underperformed
135,2006-11-02 16:40:55,1162514455.0,acn,0.027,32.96,31.57684630738523,1367.339966,29.998753510684967,1.5780927967002647,outperformed market
136,2006-11-11 01:01:42,1163235702.0,acn,0.027,33.87,35.20958083832334,1385.719971,31.746217783604607,3.4633630547187337,outperformed market
137,2006-12-03 00:17:12,1165133832.0,acn,0.027,33.81,34.970059880239525,1400.630005,33.16377733938368,1.8062825408558467,outperformed market
138,2007-03-14 19:10:39,1173924639.0,acn,0.018,35.39,41.27744510978044,1387.170044,31.88408231414338,9.393362795637056,outperformed market
139,2007-05-05 07:47:14,1178376434.0,acn,0.015,39.1,56.087824351297414,1495.920044,42.22340157330632,13.864422777991095,outperformed market
140,2007-06-05 04:17:34,1181042254.0,acn,0.015,41.24,64.63073852295409,1530.949951,45.55384196035723,19.076896562596858,outperformed market
141,2007-07-06 07:06:36,1183730796.0,acn,0.015,42.81,70.89820359281438,1530.439941,45.50535316757227,25.392850425242116,outperformed market
142,2008-04-07 01:42:51,1207557771.0,acn,0.004,36.77,46.78642714570859,1372.540039,30.49314629153971,16.293280854168884,outperformed market
143,2008-10-18 23:21:07,1224397267.0,acn,0.003,31.4,25.349301397205583,907.840027,-13.687835628504857,39.037137025710436,outperformed market
144,2008-12-02 16:28:13,1228264093.0,acn,0.003,29.98,19.68063872255489,848.8099980000001,-19.30006841663033,38.98070713918522,outperformed market
145,2008-12-21 20:10:46,1229919046.0,acn,0.001,32.21,28.582834331337324,885.2800289999999,-15.832709392257296,44.415543723594624,outperformed market
146,2011-09-01 16:51:37,1314921097.0,acn,0.11,32.21,28.582834331337324,1204.420044,14.509272248745441,14.073562082591883,outperformed market
147,2011-11-08 00:40:19,1320741619.0,acn,0.1,32.21,28.582834331337324,1275.920044,21.30707755476981,7.2757567765675155,outperformed market
148,2012-02-29 00:47:01,1330505221.0,acn,0.15,32.21,28.582834331337324,1365.680054,29.8409387050747,-1.2581043737373747,underperformed
149,2012-11-04 02:11:28,1352023888.0,acn,0.0,32.21,28.582834331337324,1427.589966,35.72697406576144,-7.144139734424115,underperformed
150,2013-04-23 04:45:22,1366717522.0,acn,0.0,32.21,28.582834331337324,1578.780029,50.10124836617484,-21.51841403483752,underperformed
151,2013-05-10 03:17:29,1368181049.0,acn,0.0,32.21,28.582834331337324,1633.699951,55.32271601901463,-26.739881687677304,underperformed
152,2013-05-12 08:27:29,1368372449.0,act,177.28,32.21,0.0,1626.670044,0.0,0.0,underperformed
153,2004-01-25 05:32:05,1075037525.0,adbe,0.0,38.04,0.0,1143.939941,0.0,0.0,underperformed
154,2004-08-21 23:10:00,1093155000.0,adbe,0.0,46.09,21.16193480546794,1095.170044,-4.263326705540752,25.425261511008692,outperformed market
155,2004-11-12 17:19:37,1100308777.0,adbe,0.0,58.1,52.733964248159836,1184.170044,3.5168020241370233,49.217162224022815,outperformed market
156,2005-02-07 16:20:07,1107822007.0,adbe,0.0,63.67,67.3764458464774,1201.719971,5.05096709443419,62.3254787520432,outperformed market
157,2005-04-05 04:12:22,1112699542.0,adbe,0.0,66.58,75.02628811777076,1181.390015,3.2737797377073887,71.75250838006338,outperformed market
158,2005-08-31 10:51:30,1125510690.0,adbe,0.0,27.12,-28.706624605678225,1220.329956,6.6777994422698415,-35.384424047948066,underperformed
159,2006-02-21 13:18:21,1140556701.0,adbe,0.0,37.8,-0.630914826498428,1283.030029,12.158862805193364,-12.789777631691791,underperformed
160,2006-04-07 10:36:37,1144431397.0,adbe,0.0,36.1,-5.099894847528911,1295.5,13.248952464017504,-18.348847311546415,underperformed
161,2008-12-04 14:30:57,1228429857.0,adbe,0.08,22.54,-40.7465825446898,845.2199710000001,-26.11325641264588,-14.63332613204392,underperformed
162,2008-12-05 00:15:55,1228464955.0,adbe,0.08,20.44,-46.267087276550996,876.070007,-23.416433363261685,-22.85065391328931,underperformed
163,2008-12-17 11:42:55,1229542975.0,adbe,0.08,22.32,-41.32492113564668,904.419983,-20.938158500752976,-20.386762634893707,underperformed
164,2008-12-20 21:49:14,1229838554.0,adbe,0.079,22.13,-41.824395373291274,904.419983,-20.938158500752976,-20.886236872538298,underperformed
165,2011-04-24 04:02:44,1303642964.0,adbe,28.03,22.13,-41.824395373291274,1337.380005,16.909984262888837,-58.73437963618011,underperformed
166,2011-08-05 04:11:46,1312542706.0,adbe,28.17,22.13,-41.824395373291274,1199.380005,4.84641387305139,-46.670809246342664,underperformed
167,2011-09-25 13:42:54,1316983374.0,adbe,28.17,22.13,-41.824395373291274,1129.560059,-1.257048686264918,-40.56734668702636,underperformed
168,2011-10-18 13:47:26,1318970846.0,adbe,27.25,22.13,-41.824395373291274,1225.380005,7.119260468238156,-48.943655841529434,underperformed
169,2012-03-24 12:13:07,1332616387.0,adbe,25.26,22.13,-41.824395373291274,1402.890015,22.636684385163875,-64.46107975845516,underperformed
170,2012-07-02 04:31:22,1341228682.0,adbe,24.76,22.13,-41.824395373291274,1365.51001,19.369029881613326,-61.1934252549046,underperformed
171,2004-01-20 06:29:18,1074608958.0,adi,0.0,50.5,0.0,1138.77002,0.0,0.0,underperformed
172,2004-05-12 18:46:27,1084412787.0,adi,0.0,45.04,-10.811881188118813,1097.280029,-3.643403871837083,-7.168477316281729,underperformed
173,2004-06-22 09:09:13,1087920553.0,adi,0.0,45.03,-10.831683168316829,1134.410034,-0.38286799998474985,-10.448815168332079,underperformed
174,2004-08-10 02:07:28,1092128848.0,adi,0.0,35.92,-28.87128712871287,1079.040039,-5.24513114597098,-23.62615598274189,underperformed
175,2004-11-11 09:56:15,1100195775.0,adi,0.0,38.5,-23.762376237623762,1173.47998,3.0480219351050475,-26.81039817272881,underperformed
176,2005-01-24 03:34:28,1106566468.0,adi,0.0,34.47,-31.742574257425744,1163.75,2.1935930487527298,-33.936167306178476,underperformed
177,2005-03-17 01:05:45,1111050345.0,adi,0.0,35.92,-28.87128712871287,1190.209961,4.517149213324047,-33.38843634203692,underperformed
178,2005-04-08 23:33:20,1113028400.0,adi,0.0,35.67,-29.366336633663366,1181.199951,3.725943803824422,-33.09228043748779,underperformed
179,2005-09-07 23:00:53,1126159253.0,adi,0.0,36.88,-26.970297029702966,1236.359985,8.569769425436764,-35.54006645513973,underperformed
180,2005-10-31 08:19:48,1130775588.0,adi,0.0,34.61,-31.465346534653467,1207.01001,5.992429445938526,-37.45777598059199,underperformed
181,2011-08-05 04:12:35,1312542755.0,adi,25.32,34.61,-31.465346534653467,1199.380005,5.3224078554509235,-36.78775439010439,underperformed
182,2012-03-19 11:50:51,1332183051.0,adi,22.65,34.61,-31.465346534653467,1409.75,23.795847734031504,-55.261194268684974,underperformed
183,2013-04-22 02:24:41,1366622681.0,adi,17.57,34.61,-31.465346534653467,1562.5,37.20944286889464,-68.6747894035481,underperformed
184,2013-05-11 12:07:46,1368299266.0,adi,17.57,34.61,-31.465346534653467,1632.689941,43.37310539664542,-74.83845193129889,underperformed
185,2003-11-12 17:41:28,1068687688.0,adm,0.733,14.48,0.0,1058.530029,0.0,0.0,underperformed
186,2004-01-31 04:11:22,1075551082.0,adm,0.703,15.66,8.149171270718229,1128.47998,6.608216024450645,1.5409552462675844,outperformed market
187,2004-04-14 16:44:25,1081986265.0,adm,0.789,16.81,16.091160220994464,1128.170044,6.578936174894283,9.512224046100181,outperformed market
188,2004-06-19 13:33:48,1087677228.0,adm,0.848,16.28,12.43093922651934,1133.560059,7.088134294204316,5.342804932315024,outperformed market
189,2004-11-30 07:08:52,1101827332.0,adm,0.613,21.23,46.61602209944751,1173.819946,10.891511231751752,35.72451086769576,outperformed market
190,2005-01-26 00:58:06,1106729886.0,adm,0.613,22.65,56.42265193370164,1174.069946,10.915128889555579,45.507523044146055,outperformed market
191,2005-02-08 21:21:16,1107926476.0,adm,0.613,23.71,63.74309392265194,1202.300049,13.58204453923904,50.161049383412895,outperformed market
192,2005-02-14 20:39:46,1108442386.0,adm,0.528,24.5,69.1988950276243,1206.140015,13.944808551104405,55.2540864765199,outperformed market
193,2006-04-06 18:53:48,1144374828.0,adm,0.52,37.05,155.87016574585633,1309.040039,23.66583877045589,132.20432697540045,outperformed market
194,2006-04-07 06:53:49,1144418029.0,adm,0.52,36.92,154.97237569060772,1295.5,22.386702739445855,132.58567295116185,outperformed market
195,2006-04-12 00:58:21,1144828701.0,adm,0.52,36.55,152.4171270718232,1288.119995,21.689509008723647,130.72761806309956,outperformed market
196,2006-04-22 19:30:52,1145759452.0,adm,0.52,37.86,161.46408839779005,1309.930054,23.749919049296984,137.71416934849307,outperformed market
197,2006-04-23 14:17:44,1145827064.0,adm,0.52,37.86,161.46408839779005,1311.459961,23.894450329287732,137.56963806850231,outperformed market
198,2006-04-24 19:49:42,1145933382.0,adm,0.52,38.45,165.5386740331492,1308.109985,23.577975982011562,141.96069805113763,outperformed market
199,2006-04-28 06:30:41,1146231041.0,adm,0.52,36.19,149.9309392265193,1310.609985,23.814152560049862,126.11678666646945,outperformed market
200,2006-05-16 14:27:00,1147814820.0,adm,0.514,43.1,197.65193370165747,1292.079956,22.06360902398169,175.58832467767579,outperformed market
201,2007-02-20 08:05:08,1171987508.0,adm,0.541,35.88,147.79005524861878,1459.680054,37.89689607379101,109.89315917482777,outperformed market
202,2007-03-07 08:11:55,1173283915.0,adm,0.541,32.96,127.62430939226519,1391.969971,31.50028179313938,96.12402759912581,outperformed market
203,2007-04-09 12:40:37,1176147637.0,adm,0.541,37.02,155.66298342541438,1444.609985,36.47321714290261,119.18976628251177,outperformed market
204,2007-06-18 03:24:32,1182162272.0,adm,0.597,34.57,138.74309392265195,1531.050049,44.63926455127518,94.10382937137678,outperformed market
205,2007-06-19 05:10:54,1182255054.0,adm,0.597,34.75,139.98618784530385,1533.699951,44.88960246587393,95.09658537942991,outperformed market
206,2007-10-12 05:57:34,1192193854.0,adm,0.47,34.9,141.0220994475138,1561.800049,47.54423646114624,93.47786298636755,outperformed market
207,2008-01-23 23:14:44,1201158884.0,adm,0.62,40.85,182.11325966850828,1338.599976,26.458384677530955,155.65487499097733,outperformed market
208,2009-01-09 16:47:55,1231548475.0,adm,0.628,27.94,92.95580110497238,890.349976,-15.88807576473582,108.8438768697082,outperformed market
209,2011-07-29 19:09:22,1311991762.0,adm,85.48,27.94,92.95580110497238,1292.280029,22.082510046580833,70.87329105839154,outperformed market
210,2011-08-05 04:13:27,1312542807.0,adm,85.48,27.94,92.95580110497238,1199.380005,13.30618613938254,79.64961496558985,outperformed market
211,2011-09-28 04:29:00,1317209340.0,adm,54.78,27.94,92.95580110497238,1151.060059,8.7413703404724,84.21443076449998,outperformed market
212,2011-12-31 04:39:51,1325335191.0,adm,51.59,27.94,92.95580110497238,1249.640015,18.054281008970786,74.90152009600159,outperformed market
213,2012-07-28 11:39:41,1343500781.0,adm,55.68,27.94,92.95580110497238,1337.890015,26.391314213722694,66.56448689124969,outperformed market
214,2013-06-07 17:17:34,1370650654.0,adm,46.71,27.94,92.95580110497238,1643.380005,55.251146398984204,37.704654705988176,outperformed market
215,2004-05-12 18:03:39,1084410219.0,adp,0.015,45.7,0.0,1097.280029,0.0,0.0,underperformed
216,2006-05-29 06:22:46,1148908966.0,adp,0.012,45.98,0.6126914660831378,1280.160034,16.666666681855737,-16.0539752157726,underperformed
217,2006-06-27 09:26:37,1151425597.0,adp,0.012,44.48,-2.6695842450765994,1239.199951,12.933792491360474,-15.603376736437074,underperformed
218,2007-02-20 18:32:39,1172025159.0,adp,0.012,50.7,10.940919037199125,1459.680054,33.027123015286364,-22.08620397808724,underperformed
219,2007-04-28 09:46:50,1177778810.0,adp,0.012,45.17,-1.1597374179431095,1495.420044,36.28426695807474,-37.44400437601785,underperformed
220,2007-05-28 15:46:58,1180392418.0,adp,0.007,49.23,7.724288840262568,1515.72998,38.13520158398874,-30.410912743726172,underperformed
221,2007-06-30 05:05:33,1183205133.0,adp,0.007,48.47,6.061269146608305,1506.339966,37.279447924774,-31.218178778165694,underperformed
222,2007-10-22 09:12:40,1193069560.0,adp,0.008,47.52,3.982494529540482,1506.329956,37.27853566903841,-33.29604113949793,underperformed
223,2008-01-23 19:35:35,1201145735.0,adp,0.078,38.56,-15.62363238512035,1338.599976,21.992558018204843,-37.61619040332519,underperformed
224,2008-12-07 07:53:01,1228665181.0,adp,0.288,37.59,-17.746170678336977,845.2199710000001,-22.971352010271566,5.225181331934589,outperformed market
225,2011-08-05 04:11:51,1312542711.0,adp,0.57,37.59,-17.746170678336977,1199.380005,9.304824046879649,-27.050994725216626,underperformed
226,2011-09-30 03:20:09,1317378009.0,adp,0.62,37.59,-17.746170678336977,1131.420044,3.1113311185580637,-20.85750179689504,underperformed
227,2012-01-04 00:07:51,1325664471.0,adp,0.61,37.59,-17.746170678336977,1277.300049,16.406023552990405,-34.152194231327385,underperformed
228,2012-04-20 21:07:33,1334981253.0,adp,0.58,37.59,-17.746170678336977,1378.530029,25.63156100237381,-43.37773168071079,underperformed
229,2012-07-26 00:02:28,1343286148.0,adp,0.27,37.59,-17.746170678336977,1360.02002,23.944661714060953,-41.69083239239793,underperformed
230,2012-11-04 17:34:40,1352079280.0,adp,0.26,37.59,-17.746170678336977,1427.589966,30.10261084410933,-47.8487815224463,underperformed
231,2013-02-06 18:15:11,1360203311.0,adp,7.29,37.59,-17.746170678336977,1512.119995,37.80620762578374,-55.55237830412072,underperformed
232,2013-04-23 04:13:36,1366715616.0,adp,0.46,37.59,-17.746170678336977,1578.780029,43.881232436063954,-61.627403114400934,underperformed
233,2013-04-26 14:37:22,1367012242.0,adp,0.46,37.59,-17.746170678336977,1582.23999,44.19655404117448,-61.94272471951146,underperformed
234,2003-10-03 16:48:40,1065224920.0,adsk,0.0,18.44,0.0,1029.849976,0.0,0.0,underperformed
235,2004-06-20 07:36:21,1087742181.0,adsk,0.0,39.4,113.66594360086766,1132.050049,9.923782626761938,103.74216097410573,outperformed market
236,2004-08-03 23:39:21,1091601561.0,adsk,0.0,39.96,116.70281995661604,1099.689941,6.781566891059492,109.92125306555654,outperformed market
237,2005-02-25 15:10:44,1109373044.0,adsk,0.0,29.83,61.767895878524925,1211.369995,17.625870100520356,44.142025778004566,outperformed market
238,2005-04-19 09:08:08,1113926888.0,adsk,0.0,31.69,71.85466377440348,1152.780029,11.93669523375316,59.91796854065032,outperformed market
239,2013-02-06 12:50:17,1360183817.0,adsk,5.45,31.69,71.85466377440348,1512.119995,46.8291528124481,25.025510961955376,outperformed market
240,2013-05-14 02:47:26,1368524846.0,adsk,36.49,31.69,71.85466377440348,1650.339966,60.25052235375301,11.604141420650464,outperformed market
241,2013-04-23 04:44:32,1366717472.0,adt,48.01,31.69,0.0,1578.780029,0.0,0.0,underperformed
242,2013-05-09 13:05:42,1368129942.0,adt,69.94,31.69,0.0,1626.670044,3.0333557633316093,-3.0333557633316093,underperformed
243,2004-09-24 17:33:50,1096072430.0,aee,0.804,46.07,0.0,1110.109985,0.0,0.0,underperformed
244,2004-11-02 15:30:15,1099438215.0,aee,0.804,48.01,4.210983286303446,1130.560059,1.84216647686489,2.3688168094385564,outperformed market
245,2005-03-05 21:55:16,1110088516.0,aee,0.974,51.83,12.502713262426738,1210.079956,9.005411387232948,3.4973018751937897,outperformed market
246,2005-12-16 06:43:01,1134744181.0,aee,0.863,52.32,13.566312133709571,1267.319946,14.16165633353888,-0.5953441998293094,underperformed
247,2006-01-10 11:29:29,1136921369.0,aee,0.863,51.66,12.133709572389833,1289.689941,16.176771529534527,-4.043061957144694,underperformed
248,2007-02-20 06:12:12,1171980732.0,aee,0.965,53.51,16.14933796396787,1459.680054,31.489678835741653,-15.340340871773783,underperformed
249,2007-12-15 01:09:10,1197709750.0,aee,1.02,53.77,16.7136965487302,1486.589966,33.91375504112774,-17.20005849239754,underperformed
250,2008-01-23 19:17:07,1201144627.0,aee,1.02,46.34,0.5860646841762603,1338.599976,20.58264443049757,-19.99657974632131,underperformed
251,2012-04-23 16:14:50,1335222890.0,aee,86.81,46.34,0.5860646841762603,1366.939941,23.135541475198966,-22.549476791022705,underperformed
252,2013-05-15 17:35:45,1368664545.0,aee,94.51,46.34,0.5860646841762603,1658.780029,49.42483640483604,-48.838771720659786,underperformed
253,2008-12-08 10:59:42,1228762782.0,aeo,0.054,9.73,0.0,909.7000119999999,0.0,0.0,underperformed
254,2009-01-12 14:36:10,1231799770.0,aeo,0.054,10.13,4.110996916752316,870.26001,-4.335495380866274,8.44649229761859,outperformed market
255,2004-08-03 23:58:46,1091602726.0,aep,1.754,31.64,0.0,1099.689941,0.0,0.0,underperformed
256,2004-10-10 13:54:05,1097441645.0,aep,1.739,32.38,2.3388116308470353,1130.650024,2.815346566855606,-0.47653493600857066,underperformed
257,2005-04-04 22:37:45,1112679465.0,aep,1.435,33.96,7.332490518331227,1176.119995,6.950145777499653,0.38234474083157366,outperformed market
258,2007-03-07 02:53:36,1173264816.0,aep,1.342,45.33,43.26801517067003,1391.969971,26.57840352110667,16.689611649563364,outperformed market
259,2007-04-10 20:12:53,1176261173.0,aep,1.457,49.34,55.94184576485463,1448.390015,31.70894458513555,24.232901179719075,outperformed market
260,2008-01-23 20:30:47,1201149047.0,aep,1.55,43.82,38.49557522123894,1338.599976,21.72521781755571,16.770357403683228,outperformed market
261,2011-04-08 04:53:43,1302263623.0,aep,136.63,43.82,38.49557522123894,1328.170044,20.776774841846066,17.71880037939287,outperformed market
262,2011-11-13 10:16:12,1321208172.0,aep,120.73,43.82,38.49557522123894,1239.699951,12.731771454841375,25.76380376639756,outperformed market
263,2012-07-27 00:36:41,1343374601.0,aep,123.75,43.82,38.49557522123894,1385.969971,26.032795184038143,12.462780037200794,outperformed market
264,2013-04-25 05:13:54,1366892034.0,aep,126.19,43.82,38.49557522123894,1585.160034,44.14608835637243,-5.650513135133494,underperformed
265,2003-12-15 21:31:38,1071552698.0,aes,29.748,8.39,0.0,1068.040039,0.0,0.0,underperformed
266,2004-08-04 00:04:30,1091603070.0,aes,15.619,9.66,15.137067938021447,1098.630005,2.864121651154691,12.272946286866755,outperformed market
267,2004-10-26 04:29:14,1098790154.0,aes,15.619,11.05,31.70441001191895,1111.089966,4.030740929928754,27.673669081990194,outperformed market
268,2004-12-05 09:19:07,1102267147.0,aes,12.944,12.42,48.03337306317043,1190.329956,11.44993750557324,36.58343555759719,outperformed market
269,2005-02-18 08:12:43,1108743163.0,aes,10.698,16.48,96.42431466030989,1201.589966,12.504206033796455,83.92010862651344,outperformed market
270,2007-02-19 02:26:15,1171880775.0,aes,6.513,22.3,165.79261025029797,1455.540039,36.28141135633961,129.51119889395835,outperformed market
271,2007-04-11 05:09:29,1176293369.0,aes,6.513,22.42,167.222884386174,1438.869995,34.72060432745631,132.5022800587177,outperformed market
272,2008-01-23 21:05:49,1201151149.0,aes,5.378,17.9,113.34922526817637,1338.599976,25.332377731206012,88.01684753697036,outperformed market
273,2008-04-23 21:50:03,1209012603.0,aes,5.687,17.63,110.13110846245529,1379.930054,29.202090147483688,80.9290183149716,outperformed market
274,2011-05-23 09:17:49,1306167469.0,aes,178.11,17.63,110.13110846245529,1317.369995,23.344626315081438,86.78648214737385,outperformed market
275,2011-07-24 02:55:42,1311501342.0,aes,178.11,17.63,110.13110846245529,1343.800049,25.819257699195674,84.31185076325961,outperformed market
276,2013-05-23 20:50:51,1369367451.0,aes,279.88,17.63,110.13110846245529,1650.51001,54.53634224662246,55.59476621583283,outperformed market
277,2004-02-15 08:22:54,1076862174.0,aet,0.211,77.5,0.0,1152.109985,0.0,0.0,underperformed
278,2004-08-03 20:44:23,1091591063.0,aet,0.193,86.6,11.74193548387096,1099.689941,-4.549916647063862,16.29185213093482,outperformed market
279,2004-11-30 04:45:36,1101818736.0,aet,0.178,118.21,52.52903225806451,1173.819946,1.88436531951418,50.64466693855033,outperformed market
280,2005-02-04 06:20:07,1107526807.0,aet,0.178,130.85,68.83870967741935,1203.030029,4.419720743935741,64.4189889334836,outperformed market
281,2005-04-08 02:12:37,1112951557.0,aet,0.177,76.32,-1.522580645161299,1181.199951,2.524929596890874,-4.047510242052173,underperformed
282,2005-09-23 17:26:49,1127521609.0,aet,0.17,82.71,6.7225806451612815,1215.290039,5.483856126808928,1.2387245183523534,outperformed market
283,2006-01-11 03:31:09,1136979069.0,aet,0.172,92.65,19.5483870967742,1294.180054,12.331293960619556,7.217093136154643,outperformed market
284,2006-05-07 11:34:24,1147026864.0,aet,0.155,37.99,-50.98064516129032,1312.25,13.899715919917139,-64.88036108120745,underperformed
285,2007-01-25 23:46:33,1169797593.0,aet,0.253,41.1,-46.96774193548387,1423.900024,23.590633059221336,-70.5583749947052,underperformed
286,2007-02-20 08:05:18,1171987518.0,aet,0.253,45.61,-41.148387096774194,1459.680054,26.696241939088814,-67.84462903586301,underperformed
287,2007-04-06 18:34:03,1175909643.0,aet,0.272,45.0,-41.935483870967744,1437.77002,24.794510829623604,-66.72999470059135,underperformed
288,2008-01-23 22:12:23,1201155143.0,aet,0.31,54.11,-30.180645161290325,1338.599976,16.186821868399996,-46.36746702969032,underperformed
289,2008-02-22 22:13:00,1203747180.0,aet,0.31,50.13,-35.31612903225806,1353.109985,17.446251019168106,-52.76238005142616,underperformed
290,2008-11-01 10:58:06,1225562286.0,aet,0.389,24.87,-67.90967741935484,930.090027,-19.270725962851547,-48.63895145650329,underperformed
291,2012-12-19 21:05:07,1355979907.0,aet,43.0,24.87,-67.90967741935484,1435.810059,24.624391567963006,-92.53406898731784,underperformed
292,2013-06-05 05:12:09,1370434329.0,aet,63.37,24.87,-67.90967741935484,1608.900024,39.648127778356155,-107.55780519771099,underperformed
293,2003-12-07 12:26:30,1070828790.0,afl,0.206,35.47,0.0,1069.719971,0.0,0.0,underperformed
294,2004-06-27 21:50:24,1088398224.0,afl,0.203,40.4,13.899069636312374,1140.650024,6.630712235249092,7.268357401063282,outperformed market
295,2004-08-29 05:10:22,1093781422.0,afl,0.226,39.99,12.74316323653793,1105.089966,3.306472344059847,9.436690892478083,outperformed market
296,2005-01-25 00:35:34,1106642134.0,afl,0.189,39.58,11.587256836763462,1168.410034,9.225784847948773,2.3614719888146887,outperformed market
297,2005-03-17 18:20:48,1111112448.0,afl,0.189,38.22,7.7530307301945305,1190.209961,11.26369454310207,-3.5106638129075387,underperformed
298,2005-04-06 19:09:19,1112839759.0,afl,0.189,37.0,4.313504369890051,1184.069946,10.689711148713338,-6.376206778823287,underperformed
299,2005-08-28 22:41:53,1125294113.0,afl,0.162,43.93,23.851141809980266,1212.369995,13.335267908165477,10.515873901814789,outperformed market
300,2006-02-02 01:16:50,1138871810.0,afl,0.212,47.17,32.98562165210038,1270.839966,18.801181659905648,14.18443999219473,outperformed market
301,2006-05-28 02:32:55,1148808775.0,afl,0.185,46.78,31.886100930363696,1272.880005,18.991889420376168,12.894211509987528,outperformed market
302,2007-02-20 18:32:53,1172025173.0,afl,0.171,48.45,36.594305046518194,1459.680054,36.454408029370136,0.13989701714805847,outperformed market
303,2007-04-08 10:16:28,1176052588.0,afl,0.171,47.92,35.10008457851706,1443.76001,34.966163962549786,0.133920615967277,outperformed market
304,2008-01-23 12:52:38,1201121558.0,afl,0.172,61.31,72.85029602480971,1338.599976,25.135550638420302,47.71474538638941,outperformed market
305,2009-01-29 12:02:15,1233259335.0,afl,0.241,25.06,-29.348745418663665,845.1400150000001,-20.994275332642164,-8.3544700860215,underperformed
306,2011-12-30 09:10:57,1325265057.0,afl,33.03,25.06,-29.348745418663665,1257.599976,17.56347549764498,-46.91222091630864,underperformed
307,2012-07-17 03:10:14,1342519814.0,afl,30.49,25.06,-29.348745418663665,1363.670044,27.47916099249866,-56.827906411162324,underperformed
308,2013-05-07 11:42:45,1367952165.0,afl,27.57,25.06,-29.348745418663665,1625.959961,51.998654328198946,-81.3473997468626,underperformed
309,2003-11-17 22:46:03,1069137963.0,agn,0.739,76.65,0.0,1043.630005,0.0,0.0,underperformed
310,2004-06-19 14:49:29,1087681769.0,agn,0.695,91.42,19.26940639269406,1133.560059,8.617043738599671,10.652362654094388,outperformed market
311,2004-08-10 02:33:38,1092130418.0,agn,0.637,69.32,-9.562948467058071,1079.040039,3.3929681812856654,-12.955916648343736,underperformed
312,2004-11-02 14:09:49,1099433389.0,agn,0.637,72.5,-5.414220482713641,1130.560059,8.329585541189948,-13.743806023903588,underperformed
313,2005-03-10 01:40:57,1110447657.0,agn,0.522,75.47,-1.5394651011089455,1209.25,15.869608405902436,-17.40907350701138,underperformed
314,2005-04-04 23:20:33,1112682033.0,agn,0.522,69.07,-9.889106327462507,1176.119995,12.695111233410735,-22.584217560873242,underperformed
315,2005-08-29 12:42:47,1125344567.0,agn,0.51,92.83,21.10893672537507,1212.280029,16.159943964048836,4.948992761326235,outperformed market
316,2006-06-21 09:29:01,1150907341.0,agn,0.47,104.14,35.86431833007174,1252.199951,19.98504690366775,15.879271426403989,outperformed market
317,2007-02-20 16:30:00,1172017800.0,agn,0.544,113.32,47.840834964122614,1459.680054,39.865665705922275,7.975169258200339,outperformed market
318,2007-04-06 22:28:10,1175923690.0,agn,0.544,113.52,48.10176125244617,1437.77002,37.76625941298036,10.335501839465806,outperformed market
319,2008-01-23 23:06:53,1201158413.0,agn,0.449,65.01,-15.185909980430528,1338.599976,28.263845384552738,-43.44975536498327,underperformed
320,2008-02-16 18:44:49,1203216289.0,agn,0.436,63.89,-16.647097195042406,1367.209961,31.005236956559145,-47.65233415160155,underperformed
321,2008-05-17 08:24:31,1211037871.0,agn,0.429,54.11,-29.406392694063932,1408.660034,34.97695804558628,-64.38335073965021,underperformed
322,2012-08-11 08:06:33,1344697593.0,agn,28.52,54.11,-29.406392694063932,1402.219971,34.359875078524595,-63.76626777258853,underperformed
323,2012-08-22 22:58:41,1345701521.0,agn,28.52,54.11,-29.406392694063932,1413.48999,35.43976152736238,-64.8461542214263,underperformed
324,2013-04-22 02:49:52,1366624192.0,agn,26.63,54.11,-29.406392694063932,1562.5,49.7178111508973,-79.12420384496123,underperformed
325,2013-05-12 05:08:18,1368360498.0,agn,40.37,54.11,-29.406392694063932,1626.670044,55.86654620954483,-85.27293890360876,underperformed
326,2004-02-15 09:40:39,1076866839.0,aig,1.15,74.72,0.0,1152.109985,0.0,0.0,underperformed
327,2004-08-18 11:50:54,1092855054.0,aig,1.173,68.32,-8.565310492505361,1095.170044,-4.942231361704594,-3.6230791308007673,underperformed
328,2005-01-18 04:07:03,1106050023.0,aig,1.162,66.14,-11.482869379014987,1195.97998,3.8077957461674123,-15.2906651251824,underperformed
329,2005-04-28 12:07:20,1114715240.0,aig,1.162,51.85,-30.607601713062095,1143.219971,-0.7716289343677604,-29.835972778694334,underperformed
330,2006-01-07 18:38:22,1136687902.0,aig,1.294,70.11,-6.169700214132762,1273.459961,10.53284647993047,-16.70254669406323,underperformed
331,2006-06-17 17:06:59,1150589219.0,aig,1.384,59.87,-19.87419700214133,1230.040039,6.76411584090211,-26.63831284304344,underperformed
332,2007-03-15 06:01:57,1173963717.0,aig,1.687,67.0,-10.331905781584581,1392.280029,20.846103855266904,-31.178009636851485,underperformed
333,2007-05-04 05:36:10,1178282170.0,aig,1.687,70.65,-5.447002141327614,1505.619995,30.68370334452053,-36.13070548584815,underperformed
334,2007-06-05 04:27:22,1181042842.0,aig,1.614,72.55,-2.904175588865099,1530.949951,32.8822743429309,-35.786449931796,underperformed
335,2007-07-06 07:35:21,1183732521.0,aig,1.614,70.27,-5.955567451820133,1530.439941,32.83800686789465,-38.79357431971478,underperformed
336,2008-01-23 16:02:26,1201132946.0,aig,1.918,52.07,-30.313169164882225,1338.599976,16.186821868399996,-46.49999103328222,underperformed
337,2008-05-23 12:57:40,1211572660.0,aig,2.282,37.81,-49.397751605995715,1375.930054,19.426970681102105,-68.82472228709781,underperformed
338,2008-09-21 02:42:52,1221990172.0,aig,2.411,3.85,-94.84743040685225,1206.51001,4.72177359004487,-99.56920399689713,underperformed
339,2008-10-27 11:48:40,1225133320.0,aig,2.411,1.7,-97.72483940042827,848.919983,-26.316064086537715,-71.40877531389054,underperformed
340,2008-12-17 11:42:57,1229542977.0,aig,3.273,1.8,-97.59100642398288,904.419983,-21.498815670797267,-76.0921907531856,underperformed
341,2008-12-19 05:47:27,1229694447.0,aig,3.273,1.67,-97.76498929336188,887.8800050000001,-22.934440586416752,-74.83054870694512,underperformed
342,2009-01-06 14:34:51,1231281291.0,aig,3.273,1.66,-97.77837259100643,934.7000119999999,-18.870591855863495,-78.90778073514294,underperformed
343,2011-04-29 00:43:45,1304063025.0,aig,95.52,1.66,-97.77837259100643,1363.609985,18.357622341064943,-116.13599493207137,underperformed
344,2011-09-02 15:22:28,1315002148.0,aig,85.55,1.66,-97.77837259100643,1173.969971,1.8973870797587031,-99.67575967076513,underperformed
345,2011-11-03 02:27:12,1320312432.0,aig,76.86,1.66,-97.77837259100643,1261.150024,9.464377569820295,-107.24275016082673,underperformed
346,2011-11-04 17:31:20,1320453080.0,aig,76.86,1.66,-97.77837259100643,1253.22998,8.776939382224,-106.55531197323043,underperformed
347,2012-01-02 19:39:36,1325561976.0,aig,81.27,1.66,-97.77837259100643,1257.599976,9.156243099481506,-106.93461569048793,underperformed
348,2012-03-10 07:53:56,1331394836.0,aig,66.35,1.66,-97.77837259100643,1352.630005,17.404590066112473,-115.1829626571189,underperformed
349,2012-07-01 20:48:59,1341200939.0,aig,74.18,1.66,-97.77837259100643,1329.040039,15.357045447358042,-113.13541803836448,underperformed
350,2012-07-13 10:02:58,1342198978.0,aig,74.18,1.66,-97.77837259100643,1356.780029,17.764800814568062,-115.54317340557449,underperformed
351,2012-11-12 11:30:45,1352748645.0,aig,71.9,1.66,-97.77837259100643,1380.030029,19.78283731305392,-117.56120990406035,underperformed
352,2013-01-30 10:56:28,1359572188.0,aig,71.9,1.66,-97.77837259100643,1501.959961,30.366022389780778,-128.1443949807872,underperformed
353,2013-04-22 02:32:25,1366623145.0,aig,48.99,1.66,-97.77837259100643,1562.5,35.62073242512518,-133.3991050161316,underperformed
354,2013-05-11 13:26:32,1368303992.0,aig,45.01,1.66,-97.77837259100643,1632.689941,41.71302759779484,-139.49140018880126,underperformed
